{
    "answers": {
        "phase": [ "testing"],
        "action": [ "functional testing"],
        "scope": [ "cli","test execution scripts"],
        "action experience": [ "little"],
        "prog lang": [ "js-node"],
        "other prog lang": "none",
        "tool": ["chat gpt 3.x"],
        "other tool": "none",
        "tool option": ["free"],
        "tool experience": [ "some"],
        "time allocated (h)": "20 minutes",
        "time saved estimate (h)": "1 hour", 
        "quality of ai help": ["minor modifications needed"],
        "generic feeling": ["great as-is"],
        "notes": "none"
    }
}