{
    "answers": {
        "phase": ["coding"],
        "action": ["problem understanding", "code management"],
        "scope": ["documentation (text)"],
        "action experience": ["little", "none"],
        "prog lang": ["n/a"],
        "other prog lang": "none",
        "tool": ["chat gpt 3.x"],
        "other tool": "none",
        "tool option": ["free"],
        "tool experience": [ "some"],
        "time allocated (h)": "8 minutes",
        "time saved estimate (h)": "1 hour", 
        "quality of ai help": ["ready-to-use"],
        "generic feeling": ["great as-is"],
        "notes": "none"
    }
}