{
    "answers": {
        "phase": ["requirements gathering", "requirements specification"],
        "action": ["problem understanding", "requirements (functional)", "requirements (non-functional)"],
        "scope": ["documentation (text)"],
        "action experience": [ "little"],
        "prog lang": ["n/a"],
        "other prog lang": "none",
        "tool": ["chat gpt 3.x"],
        "other tool": "none",
        "tool option": ["free"],
        "tool experience": [ "some"],
        "time allocated (h)": "30 minutes",
        "time saved estimate (h)": "1 hour and 30 minutes", 
        "quality of ai help": ["ready as-is"],
        "generic feeling": ["great as-is"],
        "notes": "none"
    }
}