{
    "answers": {
        "phase": ["architecture", "deployment"],
        "action": ["problem understanding"],
        "scope": [ "backend", "cli", "deployment scripts"],
        "action experience": ["little", "none"],
        "prog lang": ["n/a"],
        "other prog lang": "none",
        "tool": ["chat gpt 3.x"],
        "other tool": "none",
        "tool option": ["free"],
        "tool experience": ["none", "some"],
        "time allocated (h)": "20 minutes",
        "time saved estimate (h)": "1 hour", 
        "quality of ai help": [ "major modifications needed"],
        "generic feeling": ["great as-is"],
        "notes": "none"
    }
}