{
    "answers": {
        "phase": "architecture",
        "action": "network operations",
        "scope": "backend",
        "action experience": "none",
        "prog lang": "n/a",
        "other prog lang": "<fill in>",
        "tool": "chat gpt 3.x",
        "other tool": "<fill in>",
        "tool option": "free",
        "tool experience": "enough",
        "time allocated (h)": "0.5",
        "time saved estimate (h)": "1", 
        "quality of ai help": "unusable",
        "generic feeling": "needs work",
        "notes": "<fill in>"
    }
}