{
    "answers": {
        "phase": [ "testing"],
        "action": ["problem understanding" , "functional testing"],
        "scope": [ "cli", "test cases", "test execution scripts"],
        "action experience": [ "little"],
        "prog lang": [ "js-node"],
        "other prog lang": "none",
        "tool": ["chat gpt 3.x"],
        "other tool": "none",
        "tool option": ["free"],
        "tool experience": ["some"],
        "time allocated (h)": "1 hour",
        "time saved estimate (h)": "5 hours", 
        "quality of ai help": [ "minor modifications needed"],
        "generic feeling": ["great as-is"],
        "notes": "none"
    }
}