{
    "answers": {
        "phase": "coding", 
        "action": "requirements (functional)",
        "scope": "frontend",
        "action experience": "little",
        "prog lang": "js-node",
        "other prog lang": "<fill in>",
        "tool": "chat gpt 3.x", 
        "other tool": "<fill in>",
        "tool option": "free",
        "tool experience": "enough",  
        "time allocated (h)": "3",
        "time saved estimate (h)": "5", 
        "quality of ai help":  "minor modifications needed", 
        "generic feeling":  "great in the future", 
        "notes": "<fill in>"
    }
}
