{
    "answers": {
        "phase": [ "architecture", "design"],
        "action": ["architectural decision", "design decision"],
        "scope": [ "api", "cli", "deployment scripts"],
        "action experience": ["little", "none"],
        "prog lang": [ "js", "js-node"],
        "other prog lang": "none",
        "tool": ["chat gpt 3.x"],
        "other tool": "none",
        "tool option": ["free"],
        "tool experience": [ "some"],
        "time allocated (h)": "30 minutes",
        "time saved estimate (h)": "45 minutes", 
        "quality of ai help": ["major modifications needed"],
        "generic feeling": ["great as-is"],
        "notes": "none"
    }
}