{
    "answers": {
        "phase": [ "architecture", "design", "coding"],
        "action": ["problem understanding", "architectural decision", "design decision"],
        "scope": ["backend", "cli"],
        "action experience": ["little", "none"],
        "prog lang": ["js", "js-node"],
        "other prog lang": "none",
        "tool": ["chat gpt 3.x"],
        "other tool": "none",
        "tool option": ["free"],
        "tool experience": ["none", "some"],
        "time allocated (h)": "15 minutes",
        "time saved estimate (h)": "2 hours", 
        "quality of ai help": ["major modifications needed"],
        "generic feeling": ["great as-is"],
        "notes": "none"
    }
}