{
    "answers": {
        "phase": [ "coding", "testing"],
        "action": [ "functional testing"],
        "scope": [ "cli", "test cases", "test execution scripts"],
        "action experience": ["little", "none"],
        "prog lang": [ "js", "js-node"],
        "other prog lang": "none",
        "tool": ["chat gpt 3.x"],
        "other tool": "none",
        "tool option": ["free"],
        "tool experience": ["none", "some"],
        "time allocated (h)": "3 hours",
        "time saved estimate (h)": "10 hours", 
        "quality of ai help": [ "major modifications needed"],
        "generic feeling": ["great as-is"],
        "notes": "none"
    }
}