{
    "answers": {
        "phase":  "coding",
        "action":"source code authoring",
        "scope": "api",
        "action experience": "little",
        "prog lang": "js-node", 
        "other prog lang": "<fill in>",
        "tool": "chat gpt 3.x",
        "other tool": "<fill in>",
        "tool option": "free",
        "tool experience": "enough",
        "time allocated (h)": "1.5",
        "time saved estimate (h)": "3", 
        "quality of ai help": "minor modifications needed",
        "generic feeling": "great in the future",
        "notes": "<fill in>"
    }
}