{
    "answers": {
        "phase": "coding",
        "action": "design decision",
        "scope": "backend",
        "action experience": "fair",
        "prog lang": "js-node",
        "other prog lang": "<fill in>",
        "tool": "other",
        "other tool": "Google gemini",
        "tool option": "free",
        "tool experience": "some",
        "time allocated (h)": "0.25",
        "time saved estimate (h)": "1", 
        "quality of ai help": "ready-to-use",
        "generic feeling": "great in the future",
        "notes": "<fill in>"
    }
}