{
    "answers": {
        "phase": ["requirements specification"],
        "action": ["problem understanding", "requirements (functional)", "requirements (non-functional)", "use case specification"],
        "scope": ["documentation (text)", "uml activity", "uml sequence", "uml component", "uml deployment", "uml class", "uml other"],
        "action experience": [ "little"],
        "prog lang": ["n/a"],
        "other prog lang": "none",
        "tool": ["chat gpt 3.x"],
        "other tool": "none",
        "tool option": ["free"],
        "tool experience": [ "some"],
        "time allocated (h)": "45 minutes",
        "time saved estimate (h)": "2 hours", 
        "quality of ai help": ["ready-to-use"],
        "generic feeling": ["great as-is"],
        "notes": "none"
    }
}