{
    "answers": {
        "phase": "coding", 
        "action":   "requirements (functional)",  
        "scope":  "api",  
        "action experience":  "none",
        "prog lang": "js-node", 
        "other prog lang": "<fill in>",
        "tool":  "chat gpt 3.x",  
        "other tool": "<fill in>",
        "tool option":  "free",
        "tool experience":  "enough",  
        "time allocated (h)": "2",
        "time saved estimate (h)": "5", 
        "quality of ai help":  "minor modifications needed",  
        "generic feeling":  "great in the future",  
        "notes": "<fill in>"
    }
}
