{
    "answers": {
        "phase": "coding",  
        "action":  "requirements (functional)", 
        "scope":  "frontend",  
        "action experience":   "none" ,
        "prog lang":   "js-node", 
        "other prog lang": "<fill in>",
        "tool":  "chat gpt 3.x",  
        "other tool": "<fill in>",
        "tool option":  "free",  
        "tool experience":  "enough", 
        "time allocated (h)": "5",
        "time saved estimate (h)": "0", 
        "quality of ai help": "unusable" ,
        "generic feeling":  "makes not sense" ,
        "notes": "<fill in>"
    }
}
