{
    "answers": {
        "phase": ["requirements gathering"],
        "action": ["problem understanding", "requirements (non-functional)"],
        "scope": ["documentation (text)", "uml other"],
        "action experience": ["big", "fair", "little", "none"],
        "prog lang": ["n/a", "js", "js-node", "python", "sql", "nosql db", "java", "other"],
        "other prog lang": "<fill in>",
        "tool": ["chat gpt 3.x"],
        "other tool": "none",
        "tool option": ["free"],
        "tool experience": ["some"],
        "time allocated (h)": "10 minutes",
        "time saved estimate (h)": "1 hour", 
        "quality of ai help": ["minor modifications needed"],
        "generic feeling": ["great as-is"],
        "notes": "none"
    }
}